tag,source,block,width_mm,height_mm,area_m2,depth_mm,concrete_m3,blinding_m3,formwork_m2,rebar_kg,note
FC1,insert,fcccc,1002,1202,1.2,300,0.36,0.069,1.32,48.4,
FC1,insert,fcccc,1002,1202,1.2,300,0.36,0.069,1.32,48.4,
FC1,insert,fcccc,1002,1202,1.2,300,0.36,0.069,1.32,48.4,
FC1,insert,fcccc,1002,1202,1.2,300,0.36,0.069,1.32,48.4,
FC1,insert,fcccc,1002,1202,1.2,300,0.36,0.069,1.32,48.4,
FC1,insert,fcccc,1002,1202,1.2,300,0.36,0.069,1.32,48.4,
FC1,insert,fcccc,1002,1202,1.2,300,0.36,0.069,1.32,48.4,
FC1,insert,fcccc,1002,1202,1.2,300,0.36,0.069,1.32,48.4,
FC1,insert,fcccc,1002,1202,1.2,300,0.36,0.069,1.32,48.4,
FC1,insert,fcccc,1002,1202,1.2,300,0.36,0.069,1.32,48.4,
FC1,insert,fcccc,1002,1202,1.2,300,0.36,0.069,1.32,48.4,
FC1,insert,fcccc,1002,1202,1.2,300,0.36,0.069,1.32,48.4,
FC1,insert,fcccc,1002,1202,1.2,300,0.36,0.069,1.32,48.4,
FC1,insert,fcccc,1202,1002,1.2,300,0.36,0.069,1.32,48.4,
FC1,insert,fcccc,1202,1002,1.2,300,0.36,0.069,1.32,48.4,
FC1,insert,fcccc,1202,1002,1.2,300,0.36,0.069,1.32,48.4,
FC1,insert,fcccc,1202,1002,1.2,300,0.36,0.069,1.32,48.4,
FC1,insert,fcccc,1202,1002,1.2,300,0.36,0.069,1.32,48.4,
FC1,insert,fcccc,1202,1002,1.2,300,0.36,0.069,1.32,48.4,
FC1,insert,fcccc,1202,1002,1.2,300,0.36,0.069,1.32,48.4,
FC1,insert,fcccc,1202,1002,1.2,300,0.36,0.069,1.32,48.4,
FC1,insert,fcccc,1000,1200,1.2,300,0.36,0.069,1.32,48.4,
FC1,insert,fcccc,1000,1200,1.2,300,0.36,0.069,1.32,48.4,
FC1,insert,fcccc,1000,1200,1.2,300,0.36,0.069,1.32,48.4,
FC1,insert,fcccc,1000,1200,1.2,300,0.36,0.069,1.32,48.4,
FC1,insert,fcccc,1000,1200,1.2,300,0.36,0.069,1.32,48.4,
FC1,insert,fcccc,1000,1200,1.2,300,0.36,0.069,1.32,48.4,
FC1,insert,fcccc,1000,1200,1.2,300,0.36,0.069,1.32,48.4,
FC1,insert,fcccc,1000,1200,1.2,300,0.36,0.069,1.32,48.4,
FC1,insert,fcccc,1000,1200,1.2,300,0.36,0.069,1.32,48.4,
FC1,insert,fcccc,1000,1200,1.2,300,0.36,0.069,1.32,48.4,
FC1,insert,fcccc,1000,1200,1.2,300,0.36,0.069,1.32,48.4,
FC1,insert,fcccc,1000,1200,1.2,300,0.36,0.069,1.32,48.4,
FC1,insert,fcccc,1000,1200,1.2,300,0.36,0.069,1.32,48.4,
FC1,insert,fcccc,1000,1200,1.2,300,0.36,0.069,1.32,48.4,
FC1,insert,fcccc,1000,1200,1.2,300,0.36,0.069,1.32,48.4,
F4,insert,F5,2200,1900,4.18,400,1.672,0.23,3.28,151.2,
F4,insert,F5,2200,1900,4.18,400,1.672,0.23,3.28,151.2,
F5,insert,F6,2400,2000,4.8,400,1.92,0.263,3.52,180.8,
F5,insert,F6,2400,2000,4.8,400,1.92,0.263,3.52,180.8,
F6,insert,F7,2200,2800,6.16,400,2.464,0.334,4.0,283.8,
F6,insert,F7,2800,2200,6.16,400,2.464,0.334,4.0,283.8,
F4,insert,F5,1900,2200,4.18,400,1.672,0.23,3.28,151.2,
F7,insert,F8,2300,3100,7.13,500,3.565,0.384,5.4,322.7,
F6,insert,F7,2800,2200,6.16,400,2.464,0.334,4.0,283.8,
F6,insert,F7,2800,2200,6.16,400,2.464,0.334,4.0,283.8,
F7,insert,F8,3100,2300,7.13,500,3.565,0.384,5.4,322.7,
F7,insert,F8,3100,2300,7.13,500,3.565,0.384,5.4,322.7,
F7,insert,F8,3100,2300,7.13,500,3.565,0.384,5.4,322.7,
F3,insert,F3,1700,1400,2.38,300,0.714,0.135,1.86,74.1,
F3,insert,F3,1400,1700,2.38,300,0.714,0.135,1.86,74.1,
F2,insert,F2,1700,1300,2.21,300,0.663,0.126,1.8,68.5,
F2,insert,F2,1700,1300,2.21,300,0.663,0.126,1.8,68.5,
F5,insert,F6,2400,2000,4.8,400,1.92,0.263,3.52,180.8,
F5,insert,F6,2400,2000,4.8,400,1.92,0.263,3.52,180.8,
FC2,model,,1000,1000,1.0,300,0.3,0.055,1.2,39.3,
,model,,1050,1050,1.103,,,,,,no tag on this outline
FC2,model,,1000,1000,1.0,300,0.3,0.055,1.2,39.3,
,model,,1050,1050,1.103,,,,,,no tag on this outline
FC2,model,,1000,1000,1.0,300,0.3,0.055,1.2,39.3,
,model,,1050,1050,1.103,,,,,,no tag on this outline
F1,model,,1500,1200,1.8,300,0.54,0.104,1.62,56.8,
F1,model,,1500,1200,1.8,300,0.54,0.104,1.62,56.8,
F1,model,,1500,1200,1.8,300,0.54,0.104,1.62,56.8,
,model,,1600,1250,2.0,,,,,,no tag on this outline
,model,,1600,1300,2.08,,,,,,no tag on this outline
,model,,1600,1300,2.08,,,,,,no tag on this outline
CF2,model,,2000,3900,7.8,400,3.12,0.42,4.72,294.8,
CF3,model,,4600,3800,15.009,,,,,,schedule says refer to plan; depth not on this sheet
CF1,model,,1400,3100,4.34,400,1.736,0.24,3.6,159.5,
FC1,model,,1000,1200,1.2,300,0.36,0.069,1.32,48.4,
FC1,model,,1000,1200,1.2,300,0.36,0.069,1.32,48.4,
F1,model,,1500,1200,1.8,300,0.54,0.104,1.62,56.8,
,model,,1550,1250,1.938,,,,,,no tag on this outline
