item,bill,ours,difference,pct,note
neck_m3,9.000,9.686,0.686,7.6,from the top of each isolated footing to the underside of the ground beam; columns on the raft outline are excluded
grade_beam_m3,43.000,41.702,-1.298,-3.0,"label size times the paired edges, extended to the column centre where the line stops short"
tank_wall_m3,29.000,31.342,2.342,8.1,larger hatch annulus at the lift pit note times ground-to-first-floor height
lift_pit_wall_m3,3.000,2.981,-0.019,-0.6,lift pit hatch annulus times wall height from section (1500 mm when 2000 mm is total pit depth including slab build-up)
sog_m3,57.000,58.433,1.433,2.5,"outline around each slab-on-grade note, raft footprint removed"
neck_kg,1626.000,1569.022,-56.978,-3.5,"foundation-to-first-floor bars over that height, plus T10 stirrups at 200 mm"
sog_kg,3076.000,2995.932,-80.068,-2.6,mesh note on the ground floor reinforcement plan laid over that area; 130 laps on T10 counted but not priced (no lap length for T10)
neck_m2,122.000,121.519,-0.481,-0.4,column perimeter times neck height plus half the local ground beam depth (form through the beam zone; concrete volume stops at the beam soffit)
grade_beam_m2,392.000,407.618,15.618,4.0,two sides plus the soffit; the section shows the beam bottom above the blinding
tank_wall_m2,231.000,254.934,23.934,10.4,
lift_pit_wall_m2,27.000,26.851,-0.149,-0.6,
column_m3,41.000,42.227,1.227,3.0,"column mark on each floor, from that floor up to the next, stopping at the beam on the floor above"
suspended_m3,323.000,329.714,6.714,2.1,"outline around each thickness note, less openings (28.4 m2) and less any slab drawn inside it; bays split at slab and column lines where notes disagree; notes disagree inside bays nothing drawn splits (roof 376 m2 (200-275 mm)), the thicker note is used: 103.5 m3, the thinner notes would make 75.3 m3; includes 39.2 m3 of framed beam within the slab thickness (monolithic zone)"
beam_m3,106.000,112.181,6.181,5.8,label width times full depth on paired edges (bill-style capping line); 39.2 m3 of that full depth lies in the slab zone and is also counted in suspended slab
shear_wall_m3,18.000,12.498,-5.502,-30.6,W2 and W3 plan outlines times storey height; concrete scaled from S-202 bar detail thickness (e.g. 400 mm) over 200 mm plan symbol
core_wall_m3,16.000,7.607,-8.393,-52.5,W1 plan outlines times storey height; concrete scaled from S-202 detail thickness over 200 mm plan symbol
upstand_m3,10.000,10.003,0.003,0.0,"200 RC upstand labels on the nearest slab or beam edge; terrace run split between neighbours; concrete depth includes 125 mm slab zone, formwork to the 550 mm upstand face"
suspended_kg,25992.000,26236.668,244.668,0.9,"T12@200 top and bottom laid over each slab less openings, no cover deducted; a lap where a bar is longer than stock (12 m supply length (assumed; no sheet states it)); lap and hook from S-010 detail 9, class B, 35 MPa row (typed in, not read from the sheet); additional marked bars with a length and a range line add 3465 kg (17 of 46; the rest have no length or no range)"
column_m2,508.000,490.095,-17.905,-3.5,column perimeter times that height
suspended_m2,1294.000,1370.844,76.844,5.9,"soffit of the slab outline, plus free edges and opening edges times the thickness"
beam_m2,830.000,845.256,15.256,1.8,net beam faces in the monolithic zone plus full soffit on paired edges (matches bill capping form; slab line may also show soffit in the same zone)
shear_wall_m2,155.000,152.260,-2.740,-1.8,
core_wall_m2,56.000,56.709,0.709,1.3,
upstand_m2,96.000,96.330,0.330,0.3,two sides plus the soffit of that strip
wall_m3,,20.105,,,Sum of shear and core wall concrete from plan marks and S-202 thickness
boundary_beam_m3,,12.178,,,B(200X550) on the ground floor. S-300 schedules mark B as the boundary wall beam. The concrete bill has no line for it
boundary_beam_m2,,143.922,,,two sides plus the soffit of that section
sog_m2,,486.943,,,"same area, top only; the bill has no separate soffit for slab on grade"
