sheet,tag,source,block,width_mm,height_mm,area_m2,depth_mm,concrete_m3,blinding_m3,formwork_m2,rebar_kg,note
269-S-100-FOUNDATIONS,FC1,insert,fcccc,1002,1202,1.2,300,0.36,0.069,1.32,41.7,
269-S-100-FOUNDATIONS,FC1,insert,fcccc,1002,1202,1.2,300,0.36,0.069,1.32,41.7,
269-S-100-FOUNDATIONS,FC1,insert,fcccc,1002,1202,1.2,300,0.36,0.069,1.32,41.7,
269-S-100-FOUNDATIONS,FC1,insert,fcccc,1002,1202,1.2,300,0.36,0.069,1.32,41.7,
269-S-100-FOUNDATIONS,FC1,insert,fcccc,1002,1202,1.2,300,0.36,0.069,1.32,41.7,
269-S-100-FOUNDATIONS,FC1,insert,fcccc,1002,1202,1.2,300,0.36,0.069,1.32,41.7,
269-S-100-FOUNDATIONS,FC1,insert,fcccc,1002,1202,1.2,300,0.36,0.069,1.32,41.7,
269-S-100-FOUNDATIONS,FC1,insert,fcccc,1002,1202,1.2,300,0.36,0.069,1.32,41.7,
269-S-100-FOUNDATIONS,FC1,insert,fcccc,1002,1202,1.2,300,0.36,0.069,1.32,41.7,
269-S-100-FOUNDATIONS,FC1,insert,fcccc,1002,1202,1.2,300,0.36,0.069,1.32,41.7,
269-S-100-FOUNDATIONS,FC1,insert,fcccc,1002,1202,1.2,300,0.36,0.069,1.32,41.7,
269-S-100-FOUNDATIONS,FC1,insert,fcccc,1002,1202,1.2,300,0.36,0.069,1.32,41.7,
269-S-100-FOUNDATIONS,FC1,insert,fcccc,1002,1202,1.2,300,0.36,0.069,1.32,41.7,
269-S-100-FOUNDATIONS,FC1,insert,fcccc,1202,1002,1.2,300,0.36,0.069,1.32,41.7,
269-S-100-FOUNDATIONS,FC1,insert,fcccc,1202,1002,1.2,300,0.36,0.069,1.32,41.7,
269-S-100-FOUNDATIONS,FC1,insert,fcccc,1202,1002,1.2,300,0.36,0.069,1.32,41.7,
269-S-100-FOUNDATIONS,FC1,insert,fcccc,1202,1002,1.2,300,0.36,0.069,1.32,41.7,
269-S-100-FOUNDATIONS,FC1,insert,fcccc,1202,1002,1.2,300,0.36,0.069,1.32,41.7,
269-S-100-FOUNDATIONS,FC1,insert,fcccc,1202,1002,1.2,300,0.36,0.069,1.32,41.7,
269-S-100-FOUNDATIONS,FC1,insert,fcccc,1202,1002,1.2,300,0.36,0.069,1.32,41.7,
269-S-100-FOUNDATIONS,FC1,insert,fcccc,1202,1002,1.2,300,0.36,0.069,1.32,41.7,
269-S-100-FOUNDATIONS,FC2,model,,1000,1000,1.0,300,0.3,0.055,1.2,33.2,
269-S-100-FOUNDATIONS,FC2,model,,1000,1000,1.0,300,0.3,0.055,1.2,33.2,
269-S-100-FOUNDATIONS,FC1,insert,fcccc,1000,1200,1.2,300,0.36,0.069,1.32,41.7,
269-S-100-FOUNDATIONS,FC1,insert,fcccc,1000,1200,1.2,300,0.36,0.069,1.32,41.7,
269-S-100-FOUNDATIONS,FC1,insert,fcccc,1000,1200,1.2,300,0.36,0.069,1.32,41.7,
269-S-100-FOUNDATIONS,FC1,insert,fcccc,1000,1200,1.2,300,0.36,0.069,1.32,41.7,
269-S-100-FOUNDATIONS,FC1,insert,fcccc,1000,1200,1.2,300,0.36,0.069,1.32,41.7,
269-S-100-FOUNDATIONS,FC1,insert,fcccc,1000,1200,1.2,300,0.36,0.069,1.32,41.7,
269-S-100-FOUNDATIONS,FC1,insert,fcccc,1000,1200,1.2,300,0.36,0.069,1.32,41.7,
269-S-100-FOUNDATIONS,FC1,insert,fcccc,1000,1200,1.2,300,0.36,0.069,1.32,41.7,
269-S-100-FOUNDATIONS,FC1,insert,fcccc,1000,1200,1.2,300,0.36,0.069,1.32,41.7,
269-S-100-FOUNDATIONS,FC1,insert,fcccc,1000,1200,1.2,300,0.36,0.069,1.32,41.7,
269-S-100-FOUNDATIONS,FC1,insert,fcccc,1000,1200,1.2,300,0.36,0.069,1.32,41.7,
269-S-100-FOUNDATIONS,FC1,insert,fcccc,1000,1200,1.2,300,0.36,0.069,1.32,41.7,
269-S-100-FOUNDATIONS,FC1,insert,fcccc,1000,1200,1.2,300,0.36,0.069,1.32,41.7,
269-S-100-FOUNDATIONS,FC1,insert,fcccc,1000,1200,1.2,300,0.36,0.069,1.32,41.7,
269-S-100-FOUNDATIONS,FC1,insert,fcccc,1000,1200,1.2,300,0.36,0.069,1.32,41.7,
269-S-100-FOUNDATIONS,FC1,insert,fcccc,1100,1250,1.375,300,0.413,0.069,1.41,47.1,outline 1100x1250 differs from schedule 1000x1200
269-S-100-FOUNDATIONS,F4,insert,F5,2200,1900,4.18,400,1.672,0.23,3.28,144.4,
269-S-100-FOUNDATIONS,F4,insert,F5,2200,1900,4.18,400,1.672,0.23,3.28,144.4,
269-S-100-FOUNDATIONS,F5,insert,F6,2400,2000,4.8,400,1.92,0.263,3.52,169.5,
269-S-100-FOUNDATIONS,F5,insert,F6,2400,2000,4.8,400,1.92,0.263,3.52,169.5,
269-S-100-FOUNDATIONS,F6,insert,F7,2200,2800,6.16,400,2.464,0.334,4.0,265.3,
269-S-100-FOUNDATIONS,F6,insert,F7,2800,2200,6.16,400,2.464,0.334,4.0,265.3,
269-S-100-FOUNDATIONS,F4,insert,F5,1900,2200,4.18,400,1.672,0.23,3.28,144.4,
269-S-100-FOUNDATIONS,F7,insert,F8,2300,3100,7.13,500,3.565,0.384,5.4,297.6,
269-S-100-FOUNDATIONS,F6,insert,F7,2800,2200,6.16,400,2.464,0.334,4.0,265.3,
269-S-100-FOUNDATIONS,F6,insert,F7,2800,2200,6.16,400,2.464,0.334,4.0,265.3,
269-S-100-FOUNDATIONS,F7,insert,F8,3100,2300,7.13,500,3.565,0.384,5.4,297.6,
269-S-100-FOUNDATIONS,F7,insert,F8,3100,2300,7.13,500,3.565,0.384,5.4,297.6,
269-S-100-FOUNDATIONS,F7,insert,F8,3100,2300,7.13,500,3.565,0.384,5.4,297.6,
269-S-100-FOUNDATIONS,F3,insert,F3,1700,1400,2.38,300,0.714,0.135,1.86,69.2,
269-S-100-FOUNDATIONS,F3,insert,F3,1400,1700,2.38,300,0.714,0.135,1.86,69.2,
269-S-100-FOUNDATIONS,F2,insert,F2,1700,1300,2.21,300,0.663,0.126,1.8,61.0,
269-S-100-FOUNDATIONS,F2,insert,F2,1700,1300,2.21,300,0.663,0.126,1.8,61.0,
269-S-100-FOUNDATIONS,F5,insert,F6,2400,2000,4.8,400,1.92,0.263,3.52,169.5,
269-S-100-FOUNDATIONS,F5,insert,F6,2400,2000,4.8,400,1.92,0.263,3.52,169.5,
269-S-100-FOUNDATIONS,FC2,model,,1000,1000,1.0,300,0.3,0.055,1.2,33.2,
269-S-100-FOUNDATIONS,F1,model,,1500,1200,1.8,300,0.54,0.104,1.62,50.7,
269-S-100-FOUNDATIONS,F1,model,,1500,1200,1.8,300,0.54,0.104,1.62,50.7,
269-S-100-FOUNDATIONS,F1,model,,1500,1200,1.8,300,0.54,0.104,1.62,50.7,
269-S-100-FOUNDATIONS,CF2,model,,2000,3900,7.8,400,3.12,0.42,4.72,278.1,
269-S-100-FOUNDATIONS,CF3,model,,4600,3800,15.009,400,6.004,,6.72,,"plan size, depth 400 mm from the other CF footings; bars left out"
269-S-100-FOUNDATIONS,CF1,model,,1400,3100,4.34,400,1.736,0.24,3.6,149.8,
269-S-100-FOUNDATIONS,FC1,model,,1000,1200,1.2,300,0.36,0.069,1.32,41.7,
269-S-100-FOUNDATIONS,F1,model,,1500,1200,1.8,300,0.54,0.104,1.62,50.7,
269-S-100-FOUNDATIONS,MISSED,model,,6076,250,1.519,,,,,,"missed: outline was not tied to a schedule tag, so it is not in the total; nearest label SB1(250X400)"
269-S-100-FOUNDATIONS,MISSED,model,,250,4235,1.059,,,,,,"missed: outline was not tied to a schedule tag, so it is not in the total; nearest label SB1(250X400)"
269-S-100-FOUNDATIONS,MISSED,model,,960,960,0.922,,,,,,"missed: outline was not tied to a schedule tag, so it is not in the total; nearest label S-301"
